Category,Value1,Value2
A,61,16.685430556951093
A,24,7.143340896097039
A,81,32.54442364744264
C,70,2.820578951355013
C,30,36.09993861334124
C,92,46.927635450787506
B,96,0.038938292050716417
C,84,49.610577964560875
B,84,30.874075481385827
B,97,30.582658024414044
